name,type,primary_key_type,coding_name,is_sparse_coding,is_multi_select,referenced_entity_field,relationship,folder_path,title,units,description,sheet
ADMINCAT,string,,ADMINCAT_op_coding,,,,,Our Future Health Linked NHS HES OP Data,ADMINCAT,,Administrative Category Code,linked_nhse_health_records
APPTDATE,date,,,,,,,Our Future Health Linked NHS HES OP Data,APPTDATE,,Appointment Date,linked_nhse_health_records
ATTENDED,string,,ATTENDED_op_coding,,,,,Our Future Health Linked NHS HES OP Data,ATTENDED,,Attendance Status,linked_nhse_health_records
ATTENDKEY,string,,,,,,,Our Future Health Linked NHS HES OP Data,ATTENDKEY,,HES Record Identifier,linked_nhse_health_records
DIAG_4_01,string,,ICD10_coding,yes,,,,Our Future Health Linked NHS HES OP Data,DIAG_4_01,,Diagnosis Code - 4 Character,linked_nhse_health_records
DIAG_4_02,string,,ICD10_coding,yes,,,,Our Future Health Linked NHS HES OP Data,DIAG_4_02,,Diagnosis Code - 4 Character,linked_nhse_health_records
DIAG_4_03,string,,ICD10_coding,yes,,,,Our Future Health Linked NHS HES OP Data,DIAG_4_03,,Diagnosis Code - 4 Character,linked_nhse_health_records
DIAG_4_04,string,,ICD10_coding,yes,,,,Our Future Health Linked NHS HES OP Data,DIAG_4_04,,Diagnosis Code - 4 Character,linked_nhse_health_records
DIAG_4_05,string,,ICD10_coding,yes,,,,Our Future Health Linked NHS HES OP Data,DIAG_4_05,,Diagnosis Code - 4 Character,linked_nhse_health_records
DIAG_4_06,string,,ICD10_coding,yes,,,,Our Future Health Linked NHS HES OP Data,DIAG_4_06,,Diagnosis Code - 4 Character,linked_nhse_health_records
DIAG_4_07,string,,ICD10_coding,yes,,,,Our Future Health Linked NHS HES OP Data,DIAG_4_07,,Diagnosis Code - 4 Character,linked_nhse_health_records
DIAG_4_08,string,,ICD10_coding,yes,,,,Our Future Health Linked NHS HES OP Data,DIAG_4_08,,Diagnosis Code - 4 Character,linked_nhse_health_records
DIAG_4_09,string,,ICD10_coding,yes,,,,Our Future Health Linked NHS HES OP Data,DIAG_4_09,,Diagnosis Code - 4 Character,linked_nhse_health_records
DIAG_4_10,string,,ICD10_coding,yes,,,,Our Future Health Linked NHS HES OP Data,DIAG_4_10,,Diagnosis Code - 4 Character,linked_nhse_health_records
DIAG_4_11,string,,ICD10_coding,yes,,,,Our Future Health Linked NHS HES OP Data,DIAG_4_11,,Diagnosis Code - 4 Character,linked_nhse_health_records
DIAG_4_12,string,,ICD10_coding,yes,,,,Our Future Health Linked NHS HES OP Data,DIAG_4_12,,Diagnosis Code - 4 Character,linked_nhse_health_records
FIRSTATT,string,,FIRSTATT_op_coding,,,,,Our Future Health Linked NHS HES OP Data,FIRSTATT,,First Attendance,linked_nhse_health_records
IMD04_DECILE,string,,,,,,,Our Future Health Linked NHS HES OP Data,IMD04_DECILE,,IMD Decile Group,linked_nhse_health_records
MAINSPEF,string,,MAINSPEF_op_coding,,,,,Our Future Health Linked NHS HES OP Data,MAINSPEF,,Main Specialty,linked_nhse_health_records
OPERTN_01,string,,OPCS4_coding,yes,,,,Our Future Health Linked NHS HES OP Data,OPERTN_01,,Procedure Code,linked_nhse_health_records
OPERTN_02,string,,OPCS4_coding,yes,,,,Our Future Health Linked NHS HES OP Data,OPERTN_02,,Procedure Code,linked_nhse_health_records
OPERTN_03,string,,OPCS4_coding,yes,,,,Our Future Health Linked NHS HES OP Data,OPERTN_03,,Procedure Code,linked_nhse_health_records
OPERTN_04,string,,OPCS4_coding,yes,,,,Our Future Health Linked NHS HES OP Data,OPERTN_04,,Procedure Code,linked_nhse_health_records
OPERTN_05,string,,OPCS4_coding,yes,,,,Our Future Health Linked NHS HES OP Data,OPERTN_05,,Procedure Code,linked_nhse_health_records
OPERTN_06,string,,OPCS4_coding,yes,,,,Our Future Health Linked NHS HES OP Data,OPERTN_06,,Procedure Code,linked_nhse_health_records
OPERTN_07,string,,OPCS4_coding,yes,,,,Our Future Health Linked NHS HES OP Data,OPERTN_07,,Procedure Code,linked_nhse_health_records
OPERTN_08,string,,OPCS4_coding,yes,,,,Our Future Health Linked NHS HES OP Data,OPERTN_08,,Procedure Code,linked_nhse_health_records
OPERTN_09,string,,OPCS4_coding,yes,,,,Our Future Health Linked NHS HES OP Data,OPERTN_09,,Procedure Code,linked_nhse_health_records
OPERTN_10,string,,OPCS4_coding,yes,,,,Our Future Health Linked NHS HES OP Data,OPERTN_10,,Procedure Code,linked_nhse_health_records
OPERTN_11,string,,OPCS4_coding,yes,,,,Our Future Health Linked NHS HES OP Data,OPERTN_11,,Procedure Code,linked_nhse_health_records
OPERTN_12,string,,OPCS4_coding,yes,,,,Our Future Health Linked NHS HES OP Data,OPERTN_12,,Procedure Code,linked_nhse_health_records
OPERTN_13,string,,OPCS4_coding,yes,,,,Our Future Health Linked NHS HES OP Data,OPERTN_13,,Procedure Code,linked_nhse_health_records
OPERTN_14,string,,OPCS4_coding,yes,,,,Our Future Health Linked NHS HES OP Data,OPERTN_14,,Procedure Code,linked_nhse_health_records
OPERTN_15,string,,OPCS4_coding,yes,,,,Our Future Health Linked NHS HES OP Data,OPERTN_15,,Procedure Code,linked_nhse_health_records
OPERTN_16,string,,OPCS4_coding,yes,,,,Our Future Health Linked NHS HES OP Data,OPERTN_16,,Procedure Code,linked_nhse_health_records
OPERTN_17,string,,OPCS4_coding,yes,,,,Our Future Health Linked NHS HES OP Data,OPERTN_17,,Procedure Code,linked_nhse_health_records
OPERTN_18,string,,OPCS4_coding,yes,,,,Our Future Health Linked NHS HES OP Data,OPERTN_18,,Procedure Code,linked_nhse_health_records
OPERTN_19,string,,OPCS4_coding,yes,,,,Our Future Health Linked NHS HES OP Data,OPERTN_19,,Procedure Code,linked_nhse_health_records
OPERTN_20,string,,OPCS4_coding,yes,,,,Our Future Health Linked NHS HES OP Data,OPERTN_20,,Procedure Code,linked_nhse_health_records
OPERTN_21,string,,OPCS4_coding,yes,,,,Our Future Health Linked NHS HES OP Data,OPERTN_21,,Procedure Code,linked_nhse_health_records
OPERTN_22,string,,OPCS4_coding,yes,,,,Our Future Health Linked NHS HES OP Data,OPERTN_22,,Procedure Code,linked_nhse_health_records
OPERTN_23,string,,OPCS4_coding,yes,,,,Our Future Health Linked NHS HES OP Data,OPERTN_23,,Procedure Code,linked_nhse_health_records
OPERTN_24,string,,OPCS4_coding,yes,,,,Our Future Health Linked NHS HES OP Data,OPERTN_24,,Procedure Code,linked_nhse_health_records
OUTCOME,string,,OUTCOME_op_coding,,,,,Our Future Health Linked NHS HES OP Data,OUTCOME,,Out-patient Attendance Outcome,linked_nhse_health_records
PID,string,,,,,participant:PID,many_to_one,Our Future Health Linked NHS HES OP Data,PID,,Participant ID,linked_nhse_health_records
PRIORITY,integer,,PRIORITY_op_coding,,,,,Our Future Health Linked NHS HES OP Data,PRIORITY,,Priority Type,linked_nhse_health_records
PROCODE3_OFH,string,,,,,,,Our Future Health Linked NHS HES OP Data,PROCODE3_OFH,,Organisation Identifier (Code of Provider) (Pseudonymised by OFH),linked_nhse_health_records
PROTYPE,string,,PROTYPE_op_coding,yes,,,,Our Future Health Linked NHS HES OP Data,PROTYPE,,Provider Type,linked_nhse_health_records
REFSOURC,string,,REFSOURC_op_coding,,,,,Our Future Health Linked NHS HES OP Data,REFSOURC,,Source of Referral,linked_nhse_health_records
ROW_ID,string,local,,,,,,Our Future Health Linked NHS HES OP Data,ROW_ID,,OFH generated local key,linked_nhse_health_records
RTTPEREND,date,,,,,,,Our Future Health Linked NHS HES OP Data,RTTPEREND,,Referral to Treatment Period End Date,linked_nhse_health_records
RTTPERSTART,date,,,,,,,Our Future Health Linked NHS HES OP Data,RTTPERSTART,,Referral to Treatment Period Start Date,linked_nhse_health_records
RTTPERSTAT,string,,RTTPERSTAT_op_coding,,,,,Our Future Health Linked NHS HES OP Data,RTTPERSTAT,,Referral to Treatment Period Status,linked_nhse_health_records
SUSSPELLID,string,,SUSSPELLID_op_coding,yes,,,,Our Future Health Linked NHS HES OP Data,SUSSPELLID,,SUS Generated Spell Identifier,linked_nhse_health_records
TRETSPEF,string,,TRETSPEF_op_coding,,,,,Our Future Health Linked NHS HES OP Data,TRETSPEF,,Treatment Specialty,linked_nhse_health_records
